{"r2": 0.552568887885921, "mae": 33.45150822368421, "feature_importance": {"_type": "image-file", "path": "media/images/feature_importance_0_f0605cda.png", "sha256": "f0605cdaf98a42398d0151d59aa1da84461ce3de811e6b598134170b98961b48", "size": 33209, "format": "png", "width": 1000, "height": 1000}, "_runtime": 47, "_timestamp": 1649444969, "_step": 0}