{"r2": 0.5339406885517419, "mae": 33.565065789473685, "feature_importance": {"_type": "image-file", "path": "media/images/feature_importance_0_3ddc8877.png", "sha256": "3ddc8877299aadd66ecacee94026b54fbb64076506b603c3ce972f97656e8203", "size": 33222, "format": "png", "width": 1000, "height": 1000}, "_runtime": 21, "_timestamp": 1649444723, "_step": 0}