{"r2": 0.55255952523443, "mae": 33.472027631578946, "feature_importance": {"_type": "image-file", "path": "media/images/feature_importance_0_538c6d0f.png", "sha256": "538c6d0f3c742d4a1b96765f280925acee40dbd2a76ca3c46873c09e72b07e74", "size": 33210, "format": "png", "width": 1000, "height": 1000}, "_runtime": 103, "_timestamp": 1649445082, "_step": 0}