{"r2": 0.5345433710187246, "mae": 33.48429440789474, "feature_importance": {"_type": "image-file", "path": "media/images/feature_importance_0_077684e6.png", "sha256": "077684e6ffa8009d5ae595dc3354852fe215125c1af4f50e922ac91d6c4f4354", "size": 33209, "format": "png", "width": 1000, "height": 1000}, "_runtime": 100, "_timestamp": 1649444881, "_step": 0}