{"r2": 0.5340342040659455, "mae": 33.54348026315789, "feature_importance": {"_type": "image-file", "path": "media/images/feature_importance_0_9133b3ba.png", "sha256": "9133b3baa0c6b4dce2e46c742169909a646b97ae5faaa230d0a8d75fa75bdc16", "size": 33212, "format": "png", "width": 1000, "height": 1000}, "_runtime": 38, "_timestamp": 1649444772, "_step": 0}