{"r2": 0.5507180655211765, "mae": 33.530625, "feature_importance": {"_type": "image-file", "path": "media/images/feature_importance_0_17928201.png", "sha256": "17928201b2bbe0dc140268c1a800b41a215e39a3a1c1f2588604da994087e04e", "size": 33219, "format": "png", "width": 1000, "height": 1000}, "_runtime": 25, "_timestamp": 1649444914, "_step": 0}